Branch,City,"Gross Income"
C,Naypyitaw,5265.176500000002
A,Yangon,5057.160500000002
B,Mandalay,5057.032000000003
