sale_hour,Branch,total_sales
NULL,A,74156.99549999999
11,A,11349.891
10,A,11208.414000000002
0,A,9485.070000000002
NULL,B,78374.60400000002
11,B,10481.813999999998
10,B,8865.843
0,B,8475.410999999996
NULL,C,82570.45649999991
10,C,11347.224
11,C,8545.6245
0,C,8105.401499999999
