City,Payment,total_revenue
Mandalay,"Credit card",37344.85650000002
Mandalay,Cash,35339.461500000005
Mandalay,Ewallet,33513.35399999999
Naypyitaw,Cash,43085.8575
Naypyitaw,Ewallet,37155.38399999999
Naypyitaw,"Credit card",30327.464999999993
Yangon,Ewallet,39324.368999999984
Yangon,Cash,33781.25100000001
Yangon,"Credit card",33094.750500000024
