"Customer type",avg_gross_income,total_gross_income
Member,15.609109780439125,7820.164000000002
Normal,15.148707414829664,7559.205000000003
